src/classes/encrypted-storage.tsx	ai-slop/trivial-comment	10
src/components/app-handler-modal/index.tsx	react-hooks/rules-of-hooks	3
src/components/cashu/add-mint-form.tsx	ai-slop/hardcoded-url	1
src/components/charts/relay-distribution-chart.tsx	ai-slop/trivial-comment	2
src/components/comment/comment-post.tsx	react-hooks/exhaustive-deps	1
src/components/comment/generic-comment-form.tsx	react/incompatible-library	1
src/components/compact-note-content.tsx	jsx-a11y/prefer-tag-over-role	2
src/components/compact-note-content.tsx	react/refs	1
src/components/content/components/gallery.tsx	react-hooks/exhaustive-deps	1
src/components/content/components/gallery.tsx	react-hooks/rules-of-hooks	1
src/components/content/links/image.tsx	react-hooks/exhaustive-deps	1
src/components/content/links/music.tsx	jsx-a11y/iframe-has-title	1
src/components/content/links/music.tsx	react-hooks/rules-of-hooks	1
src/components/content/links/youtube.tsx	ai-slop/hardcoded-url	2
src/components/county-picker.tsx	ai-slop/todo-stub	1
src/components/county-picker.tsx	react/jsx-key	1
src/components/debug-modal/event-tags.tsx	react-hooks/exhaustive-deps	1
src/components/debug-modal/event-tags.tsx	react/error-boundaries	14
src/components/debug-modal/pages/references.tsx	ai-slop/trivial-comment	1
src/components/debug-modal/pages/relays.tsx	react-hooks/exhaustive-deps	1
src/components/embed-event/card/embedded-highlight.tsx	ai-slop/trivial-comment	1
src/components/embed-event/card/embedded-zap-receipt.tsx	react-hooks/rules-of-hooks	1
src/components/embed-event/card/index.tsx	react-hooks/rules-of-hooks	3
src/components/embed-event/link/index.tsx	react-hooks/rules-of-hooks	3
src/components/event-reactions/event-reactions.tsx	react-hooks/exhaustive-deps	1
src/components/event-reactions/simple-dislike-button.tsx	react-hooks/exhaustive-deps	1
src/components/event-reactions/simple-like-button.tsx	react-hooks/exhaustive-deps	1
src/components/event-zap-modal/index.tsx	ai-slop/todo-stub	2
src/components/event-zap-modal/input-step.tsx	react/incompatible-library	1
src/components/event-zap-modal/pay-step.tsx	react-hooks/exhaustive-deps	2
src/components/gif/gif-picker-modal.tsx	react/set-state-in-effect	1
src/components/icons.tsx	ai-slop/todo-stub	1
src/components/icons/ZoomOut.tsx	react/jsx-key	2
src/components/invoice-modal.tsx	jsx-a11y/prefer-tag-over-role	1
src/components/layout/desktop/side-nav.tsx	jsx-a11y/prefer-tag-over-role	2
src/components/layout/mobile/nav-drawer.tsx	jsx-a11y/prefer-tag-over-role	1
src/components/layout/presets/app-tabs-layout.tsx	react-hooks/rules-of-hooks	2
src/components/lightbox-provider.tsx	react-hooks/exhaustive-deps	5
src/components/lightbox-provider.tsx	react/refs	2
src/components/live-video-player.tsx	react/set-state-in-effect	1
src/components/loading-nostr-link.tsx	jsx-a11y/prefer-tag-over-role	3
src/components/loading-nostr-link.tsx	jsx-a11y/role-supports-aria-props	1
src/components/magic-textarea.tsx	jsx-a11y/prefer-tag-over-role	3
src/components/magic-textarea.tsx	jsx-a11y/role-has-required-aria-props	3
src/components/magic-textarea.tsx	react-hooks/exhaustive-deps	1
src/components/magic-textarea.tsx	react/refs	3
src/components/map/leaflet-map.tsx	react-hooks/exhaustive-deps	1
src/components/map/leaflet-map.tsx	react/refs	1
src/components/markdown/markdown.tsx	react/error-boundaries	3
src/components/menu/quote-event.tsx	react-hooks/exhaustive-deps	3
src/components/napplets/napplet-frame.tsx	react/set-state-in-effect	2
src/components/napplets/napplet-info-drawer.tsx	react/set-state-in-effect	1
src/components/note-filter-type-buttons.tsx	jsx-a11y/prefer-tag-over-role	1
src/components/note/note-menu.tsx	react-hooks/exhaustive-deps	1
src/components/people-list-selection/people-list-selection.tsx	react-hooks/exhaustive-deps	2
src/components/poll/poll-content.tsx	react-hooks/exhaustive-deps	5
src/components/poll/poll-content.tsx	react/purity	1
src/components/post-modal/index.tsx	ai-slop/todo-stub	1
src/components/post-modal/index.tsx	react/incompatible-library	1
src/components/qr-code/animated-qr-scanner-button.tsx	react-hooks/exhaustive-deps	3
src/components/qr-code/animated-qr-scanner-button.tsx	react/refs	1
src/components/qr-code/animated-qr-scanner-button.tsx	react/set-state-in-effect	1
src/components/relay-icon-stack.tsx	jsx-a11y/prefer-tag-over-role	1
src/components/relay-url-input.tsx	jsx-a11y/no-redundant-roles	2
src/components/relay-url-input.tsx	jsx-a11y/prefer-tag-over-role	1
src/components/relay-url-input.tsx	jsx-a11y/role-has-required-aria-props	2
src/components/relay-url-input.tsx	react-hooks/exhaustive-deps	2
src/components/relay-url-input.tsx	react/set-state-in-effect	1
src/components/relays/relay-auth-icon-button.tsx	react-hooks/exhaustive-deps	1
src/components/relays/relay-discovery/relay-list.tsx	react-hooks/exhaustive-deps	2
src/components/relays/relay-discovery/relay-list.tsx	react/use-memo	1
src/components/sats-input.tsx	react/set-state-in-effect	1
src/components/timeline/note/components/note-proxy-link.tsx	react/preserve-manual-memoization	1
src/components/timeline/note/components/share-modal.tsx	ai-slop/todo-stub	1
src/components/user-autocomplete.tsx	react-hooks/exhaustive-deps	1
src/components/user/dns-identity-warning.tsx	ai-slop/hardcoded-url	1
src/components/user/user-about-content.tsx	react-hooks/rules-of-hooks	1
src/components/user/user-avatar.tsx	jsx-a11y/alt-text	1
src/components/user/user-avatar.tsx	react-hooks/exhaustive-deps	2
src/components/vertical-page-layout.tsx	jsx-a11y/prefer-tag-over-role	1
src/components/webxdc/game-controls.tsx	ai-slop/narrative-comment	2
src/components/webxdc/webxdc.tsx	ai-slop/hardcoded-url	1
src/components/webxdc/webxdc.tsx	ai-slop/narrative-comment	8
src/components/webxdc/webxdc.tsx	jsx-a11y/iframe-has-title	1
src/const.ts	ai-slop/todo-stub	1
src/helpers/media-upload/nostr-build.ts	ai-slop/hardcoded-url	1
src/helpers/nostr/event.ts	ai-slop/meta-comment	1
src/helpers/nostr/list-history.ts	ai-slop/todo-stub	1
src/helpers/nostr/mute-list.ts	ai-slop/trivial-comment	2
src/helpers/nostr/zaps.ts	ai-slop/hardcoded-url	1
src/hooks/timeline/use-min-number.ts	react/refs	2
src/hooks/timeline/use-timeline-cache-key.ts	react-hooks/exhaustive-deps	1
src/hooks/timeline/use-timeline-dates.ts	react-hooks/exhaustive-deps	1
src/hooks/timeline/use-timeline-view-dates.ts	ai-slop/trivial-comment	2
src/hooks/use-async-action.ts	ai-slop/console-leftover	1
src/hooks/use-async-action.ts	react-hooks/exhaustive-deps	1
src/hooks/use-async-action.ts	react/refs	1
src/hooks/use-async-action.ts	react/use-memo	1
src/hooks/use-cache-form.ts	ai-slop/todo-stub	1
src/hooks/use-cache-form.ts	ai-slop/trivial-comment	2
src/hooks/use-cache-form.ts	react-hooks/exhaustive-deps	1
src/hooks/use-cache-form.ts	react/refs	3
src/hooks/use-client-side-mute-filter.ts	react-hooks/exhaustive-deps	1
src/hooks/use-client-side-mute-filter.ts	react/immutability	1
src/hooks/use-event-markers.tsx	ai-slop/trivial-comment	1
src/hooks/use-event-markers.tsx	react-hooks/exhaustive-deps	2
src/hooks/use-favorite-emoji-packs.ts	react-hooks/exhaustive-deps	1
src/hooks/use-input-upload-file.ts	react-hooks/exhaustive-deps	3
src/hooks/use-object-url.ts	react/set-state-in-effect	1
src/hooks/use-outbox-timeline-loader.ts	react-hooks/exhaustive-deps	2
src/hooks/use-outbox-timeline-loader.ts	react/use-memo	1
src/hooks/use-recent-ids.tsx	react-hooks/exhaustive-deps	2
src/hooks/use-relay-discovery.ts	react-hooks/exhaustive-deps	3
src/hooks/use-relay-discovery.ts	react/purity	1
src/hooks/use-relay-discovery.ts	react/use-memo	1
src/hooks/use-route-search-value.ts	react-hooks/exhaustive-deps	2
src/hooks/use-route-search-value.ts	react/refs	2
src/hooks/use-route-state-value.ts	react-hooks/exhaustive-deps	3
src/hooks/use-route-state-value.ts	react/refs	5
src/hooks/use-scroll-restore.ts	react-hooks/exhaustive-deps	4
src/hooks/use-set-color-mode.ts	react-hooks/exhaustive-deps	2
src/hooks/use-shareable-event-address.ts	ai-slop/trivial-comment	1
src/hooks/use-shareable-event-address.ts	react-hooks/exhaustive-deps	1
src/hooks/use-shareable-profile-id.ts	react-hooks/exhaustive-deps	1
src/hooks/use-textarea-upload-file.ts	react-hooks/exhaustive-deps	2
src/hooks/use-timeline-loader.ts	react-hooks/exhaustive-deps	5
src/hooks/use-timeline-loader.ts	react/use-memo	1
src/hooks/use-user-app-settings.ts	react/immutability	1
src/hooks/use-user-bookmarks-list.ts	react-hooks/rules-of-hooks	4
src/hooks/use-user-mailboxes.ts	react-hooks/exhaustive-deps	2
src/hooks/use-user-mute-filter.ts	react/immutability	1
src/index.tsx	ai-slop/trivial-comment	4
src/models/outbox-selection.ts	ai-slop/trivial-comment	2
src/polyfill.ts	ai-slop/console-leftover	1
src/providers/global/napplet-shell-provider.tsx	react-hooks/exhaustive-deps	2
src/providers/global/napplet-shell-provider.tsx	react/preserve-manual-memoization	4
src/providers/global/napplet-shell-provider.tsx	react/refs	5
src/providers/local/content-settings.tsx	react-hooks/exhaustive-deps	1
src/providers/local/intersection-observer.tsx	react-hooks/exhaustive-deps	3
src/providers/local/intersection-observer.tsx	react/immutability	1
src/providers/local/intersection-observer.tsx	react/use-memo	1
src/providers/local/people-list-provider.tsx	react-hooks/exhaustive-deps	1
src/providers/local/thread-provider.tsx	react-hooks/exhaustive-deps	1
src/providers/route/app-handler-provider.tsx	react-hooks/exhaustive-deps	1
src/providers/route/debug-modal-provider.tsx	react-hooks/exhaustive-deps	2
src/providers/route/delete-event-provider.tsx	ai-slop/hardcoded-url	1
src/providers/route/delete-event-provider.tsx	react-hooks/exhaustive-deps	1
src/providers/route/invoice-modal-provider.tsx	react-hooks/exhaustive-deps	1
src/providers/route/invoice-modal-provider.tsx	react/immutability	1
src/providers/route/invoice-modal-provider.tsx	react/preserve-manual-memoization	1
src/providers/route/mute-modal-provider.tsx	react-hooks/exhaustive-deps	1
src/providers/route/post-modal-provider.tsx	react-hooks/exhaustive-deps	2
src/providers/route/require-decryption-cache.tsx	react-hooks/exhaustive-deps	1
src/services/accounts.ts	ai-slop/todo-stub	1
src/services/accounts.ts	ai-slop/trivial-comment	3
src/services/authentication-signer.ts	ai-slop/todo-stub	1
src/services/cashu-mints.ts	ai-slop/trivial-comment	1
src/services/cron.ts	ai-slop/trivial-comment	3
src/services/decryption-cache.ts	ai-slop/trivial-comment	3
src/services/event-cache/native-sqlite.ts	ai-slop/trivial-comment	8
src/services/lifecycle.ts	ai-slop/trivial-comment	3
src/services/napplet-shell/adapter.ts	ai-slop/console-leftover	1
src/services/notifications/common.ts	ai-slop/trivial-comment	2
src/services/notifications/mentions.ts	ai-slop/trivial-comment	2
src/services/notifications/quotes.ts	ai-slop/trivial-comment	2
src/services/notifications/replies.ts	ai-slop/trivial-comment	2
src/services/notifications/reposts.ts	ai-slop/trivial-comment	3
src/services/notifications/threads.ts	ai-slop/trivial-comment	4
src/services/notifications/zaps.ts	ai-slop/todo-stub	1
src/services/notifications/zaps.ts	ai-slop/trivial-comment	3
src/services/outbox-cache.ts	ai-slop/trivial-comment	5
src/services/pending-unlock.ts	ai-slop/narrative-comment	1
src/services/pool.ts	ai-slop/trivial-comment	2
src/services/preferences.ts	ai-slop/console-leftover	1
src/services/preferences.ts	ai-slop/hardcoded-url	1
src/services/sqlite/index.ts	ai-slop/trivial-comment	1
src/services/sqlite/migrations.ts	ai-slop/trivial-comment	3
src/services/verify-event.ts	ai-slop/console-leftover	1
src/services/wallets/index.ts	ai-slop/narrative-comment	3
src/services/wallets/nutwallet.ts	ai-slop/narrative-comment	1
src/services/wallets/nwc.ts	ai-slop/narrative-comment	1
src/services/wallets/webln.ts	ai-slop/narrative-comment	1
src/sw/client/cache.ts	ai-slop/trivial-comment	4
src/sw/client/error-logger.ts	ai-slop/trivial-comment	2
src/sw/client/rpc.ts	ai-slop/trivial-comment	1
src/sw/common/rpc-client.ts	ai-slop/trivial-comment	1
src/sw/worker/cache.ts	ai-slop/trivial-comment	15
src/sw/worker/error-handler.ts	ai-slop/console-leftover	1
src/sw/worker/error-handler.ts	ai-slop/trivial-comment	8
src/sw/worker/rpc.ts	ai-slop/trivial-comment	2
src/sw/worker/sw.ts	ai-slop/console-leftover	6
src/sw/worker/sw.ts	ai-slop/trivial-comment	3
src/theme/container.ts	ai-slop/trivial-comment	1
src/views/app/store.tsx	react/set-state-in-effect	1
src/views/articles/article.tsx	jsx-a11y/prefer-tag-over-role	4
src/views/articles/article.tsx	jsx-a11y/role-has-required-aria-props	1
src/views/articles/components/article-card.tsx	jsx-a11y/prefer-tag-over-role	1
src/views/articles/components/article-menu.tsx	react-hooks/exhaustive-deps	1
src/views/articles/components/article-reader.tsx	react/refs	2
src/views/articles/components/article-tags.tsx	jsx-a11y/prefer-tag-over-role	2
src/views/badges/components/badge-award-card.tsx	react-hooks/rules-of-hooks	1
src/views/blossom/server/use-server-url-param.tsx	ai-slop/hardcoded-url	1
src/views/channels/channel.tsx	react-hooks/exhaustive-deps	1
src/views/channels/components/channel-message-block.tsx	react-hooks/exhaustive-deps	2
src/views/channels/components/channel-message-form.tsx	react/incompatible-library	1
src/views/emojis/pack/index.tsx	react/incompatible-library	1
src/views/feeds/blindspot/index.tsx	react-hooks/exhaustive-deps	1
src/views/feeds/dvm/feed.tsx	react/set-state-in-effect	1
src/views/feeds/dvm/index.tsx	react-hooks/rules-of-hooks	1
src/views/feeds/index.tsx	react-hooks/exhaustive-deps	1
src/views/feeds/index.tsx	react-hooks/rules-of-hooks	1
src/views/feeds/relays/index.tsx	react-hooks/exhaustive-deps	2
src/views/files/components/file-menu.tsx	react-hooks/exhaustive-deps	1
src/views/groups/components/group-chat-log.tsx	react-hooks/exhaustive-deps	1
src/views/groups/components/group-message-form.tsx	react/incompatible-library	1
src/views/lists/components/fallback-list-card.tsx	react-hooks/rules-of-hooks	1
src/views/lists/components/list-edit-modal.tsx	react/incompatible-library	1
src/views/lists/components/list-history-modal.tsx	react-hooks/exhaustive-deps	2
src/views/lists/components/list-type-card.tsx	react/jsx-key	1
src/views/lists/components/people-list-card.tsx	react/jsx-key	1
src/views/messages/chat/components/direct-message-form.tsx	react-hooks/exhaustive-deps	1
src/views/messages/chat/components/direct-message-form.tsx	react/incompatible-library	1
src/views/messages/chat/components/direct-message-relay-connections.tsx	react-hooks/exhaustive-deps	2
src/views/messages/chat/index.tsx	react-hooks/exhaustive-deps	2
src/views/messages/chat/index.tsx	react-hooks/rules-of-hooks	1
src/views/messages/components/direct-message-content.tsx	react/no-children-prop	2
src/views/messages/components/direct-message-group.tsx	react-hooks/exhaustive-deps	1
src/views/messages/components/expiration-toggle-button.tsx	ai-slop/trivial-comment	2
src/views/messages/components/read-auth-required-alert.tsx	react-hooks/exhaustive-deps	1
src/views/messages/components/sending-status.tsx	react-hooks/exhaustive-deps	1
src/views/messages/group/components/group-message-form.tsx	react-hooks/exhaustive-deps	2
src/views/messages/group/components/group-message-form.tsx	react/incompatible-library	1
src/views/messages/group/components/group-relay-connections.tsx	react-hooks/exhaustive-deps	2
src/views/messages/group/index.tsx	react-hooks/exhaustive-deps	3
src/views/messages/group/index.tsx	react-hooks/rules-of-hooks	1
src/views/messages/inbox/components/locked-messages.tsx	react-hooks/exhaustive-deps	1
src/views/messages/inbox/components/locked-messages.tsx	react/refs	1
src/views/messages/index.tsx	react-hooks/exhaustive-deps	2
src/views/new/note/short-text-form.tsx	ai-slop/todo-stub	1
src/views/new/note/short-text-form.tsx	react/incompatible-library	1
src/views/new/picture/media-slide.tsx	ai-slop/todo-stub	1
src/views/new/picture/picture-post-form.tsx	ai-slop/todo-stub	1
src/views/new/picture/picture-post-form.tsx	react/incompatible-library	1
src/views/new/poll/poll-form.tsx	react/purity	1
src/views/new/poll/poll-form.tsx	react/refs	1
src/views/new/poll/poll-form.tsx	react/set-state-in-effect	1
src/views/notifications/components/notification-counts.tsx	react-hooks/exhaustive-deps	6
src/views/notifications/components/relay-distribution-modal.tsx	react-hooks/exhaustive-deps	1
src/views/notifications/index.tsx	react-hooks/exhaustive-deps	1
src/views/notifications/mentions/index.tsx	react-hooks/exhaustive-deps	1
src/views/notifications/quotes/index.tsx	react-hooks/exhaustive-deps	1
src/views/notifications/replies/components/reply-card.tsx	react-hooks/exhaustive-deps	1
src/views/notifications/replies/index.tsx	react-hooks/exhaustive-deps	1
src/views/notifications/reposts/components/repost-group.tsx	ai-slop/trivial-comment	2
src/views/notifications/reposts/components/repost-group.tsx	react-hooks/exhaustive-deps	1
src/views/notifications/reposts/index.tsx	react-hooks/exhaustive-deps	1
src/views/notifications/threads/components/thread-group.tsx	react-hooks/rules-of-hooks	2
src/views/notifications/threads/index.tsx	react-hooks/exhaustive-deps	1
src/views/notifications/zaps/index.tsx	ai-slop/trivial-comment	3
src/views/notifications/zaps/index.tsx	react-hooks/exhaustive-deps	1
src/views/other-stuff/component/app-card.tsx	jsx-a11y/prefer-tag-over-role	1
src/views/pictures/picture/index.tsx	react/static-components	1
src/views/pictures/picture/media-post-comment-form.tsx	react/incompatible-library	1
src/views/poll/components/details-tabs.tsx	react-hooks/exhaustive-deps	4
src/views/poll/components/details-tabs.tsx	react/use-memo	1
src/views/relays/components/relay-share-button.tsx	react-hooks/exhaustive-deps	1
src/views/relays/map/components/relay-map.tsx	react-hooks/exhaustive-deps	1
src/views/relays/map/components/relay-map.tsx	react/refs	1
src/views/relays/map/index.tsx	react/set-state-in-effect	1
src/views/relays/relay/tabs/feed.tsx	react-hooks/exhaustive-deps	1
src/views/search/components/search-results.tsx	react-hooks/exhaustive-deps	1
src/views/search/components/search-results.tsx	react/set-state-in-effect	1
src/views/search/index.tsx	react-hooks/exhaustive-deps	2
src/views/settings/accounts/components/migrate-to-device.tsx	react-hooks/rules-of-hooks	5
src/views/settings/accounts/components/password-signer-backup.tsx	react-hooks/rules-of-hooks	2
src/views/settings/accounts/components/simple-signer-backup.tsx	react-hooks/rules-of-hooks	5
src/views/settings/cache/components/wasm-worker-card.tsx	ai-slop/console-leftover	1
src/views/settings/cache/database/wasm.tsx	react-hooks/exhaustive-deps	2
src/views/settings/cache/database/wasm.tsx	react-hooks/rules-of-hooks	8
src/views/settings/content/index.tsx	react-hooks/exhaustive-deps	1
src/views/settings/media-servers/index.tsx	ai-slop/hardcoded-url	3
src/views/settings/mutes/muted-hashtags.tsx	ai-slop/todo-stub	1
src/views/settings/mutes/muted-threads.tsx	react-hooks/exhaustive-deps	1
src/views/settings/privacy/index.tsx	jsx-a11y/control-has-associated-label	5
src/views/settings/relays/components/fallback-relay-settings.tsx	react/jsx-key	1
src/views/settings/wallet/add-wallet-modal.tsx	react-hooks/exhaustive-deps	1
src/views/settings/wallet/index.tsx	jsx-a11y/prefer-tag-over-role	1
src/views/settings/wallet/unlock-nut-wallet-modal.tsx	ai-slop/meta-comment	2
src/views/signin/connect/index.tsx	ai-slop/narrative-comment	2
src/views/signin/connect/index.tsx	react/set-state-in-effect	2
src/views/signup/components/create-step.tsx	react/set-state-in-effect	1
src/views/signup/components/finished-step.tsx	ai-slop/hardcoded-url	1
src/views/signup/components/profile-image-step.tsx	react/set-state-in-effect	1
src/views/streams/components/sections/streams-section.tsx	react-hooks/exhaustive-deps	1
src/views/streams/stream/components/stream-sats-per-minute.tsx	react-hooks/exhaustive-deps	2
src/views/streams/stream/stream-chat/stream-chat-form.tsx	react/incompatible-library	1
src/views/streams/stream/stream-chat/use-stream-chat-timeline.ts	react-hooks/exhaustive-deps	2
src/views/support/components/support-form.tsx	react-hooks/exhaustive-deps	2
src/views/support/components/support-form.tsx	react/incompatible-library	1
src/views/support/index.tsx	react/set-state-in-effect	1
src/views/task-manager/provider.tsx	react-hooks/exhaustive-deps	3
src/views/thread/components/reply-form.tsx	react/incompatible-library	1
src/views/thread/index.tsx	jsx-a11y/prefer-tag-over-role	1
src/views/tools/event-console/index.tsx	react-hooks/exhaustive-deps	2
src/views/tools/event-console/index.tsx	react/refs	1
src/views/tools/event-publisher/components/datetime-input.tsx	react/set-state-in-effect	1
src/views/tools/event-publisher/index.tsx	react/set-state-in-effect	2
src/views/torrents/index.tsx	react-hooks/exhaustive-deps	5
src/views/torrents/index.tsx	react/use-memo	2
src/views/torrents/new.tsx	react/incompatible-library	1
src/views/user/about/index.tsx	ai-slop/hardcoded-url	1
src/views/user/about/index.tsx	react/purity	1
src/views/user/components/share-qr-button.tsx	react/set-state-in-effect	1
src/views/user/tabs/advanced/nip-05.tsx	ai-slop/hardcoded-url	2
src/views/user/tabs/reports.tsx	react-hooks/rules-of-hooks	1
src/views/webxdc/components/webxdc-player.tsx	ai-slop/narrative-comment	2
src/views/webxdc/components/webxdc-player.tsx	react/refs	1
